<?xml version="1.0" encoding="UTF-8"?>
<Document>
	<DataTypes>
		<DataType>
			<Name>Root</Name>
			<Childs>
				<Child>
					<Type>Font</Type>
				</Child>
			</Childs>
		</DataType>
		<DataType>
			<Name>Font</Name>
			<Properties>
				<Property>
					<Name>Name</Name>
					<Type>PropertyStringControl</Type>
					<Initialisator>UniqueNamePropertyInitialisator</Initialisator>
					<Default>unnamed</Default>
					<Visible>true</Visible>
					<ReadOnly>false</ReadOnly>
					<Action>ActionRenameData</Action>
				</Property>
				<Property>
					<Name>UniqueName</Name>
					<Type>PropertyBoolControl</Type>
					<Initialisator/>
					<Default>True</Default>
					<Visible>false</Visible>
					<ReadOnly>true</ReadOnly>
					<Action>ChangeValueAction</Action>
				</Property>
				<Property>
					<Name>Source</Name>
					<Type>PropertyFontSourceControl</Type>
					<Initialisator/>
					<Default></Default>
					<Visible>true</Visible>
					<ReadOnly>false</ReadOnly>
					<Action>ChangeValueAction</Action>
				</Property>
				<Property>
					<Name>Size</Name>
					<Type>PropertyFloatControl</Type>
					<Initialisator/>
					<Default>10</Default>
					<Visible>true</Visible>
					<ReadOnly>false</ReadOnly>
					<Action>ChangeValueAction</Action>
				</Property>
				<Property>
					<Name>Hinting</Name>
					<Type>PropertyFontHintingControl</Type>
					<Initialisator/>
					<Default>use_native</Default>
					<Visible>true</Visible>
					<ReadOnly>false</ReadOnly>
					<Action>ChangeValueAction</Action>
				</Property>
				<Property>
					<Name>FontName</Name>
					<Type>PropertyStringControl</Type>
					<Initialisator>GenerateFontNamePropertyInitialisator</Initialisator>
					<Default>0</Default>
					<Visible>false</Visible>
					<ReadOnly>true</ReadOnly>
					<Action></Action>
				</Property>
				<Property>
					<Name>Resolution</Name>
					<Type>PropertyIntControl</Type>
					<Initialisator/>
					<Default>96</Default>
					<Visible>true</Visible>
					<ReadOnly>false</ReadOnly>
					<Action>ChangeValueAction</Action>
				</Property>
				<Property>
					<Name>Antialias</Name>
					<Type>PropertyBoolControl</Type>
					<Initialisator/>
					<Default>False</Default>
					<Visible>true</Visible>
					<ReadOnly>false</ReadOnly>
					<Action>ChangeValueAction</Action>
				</Property>
				<Property>
					<Name>TabWidth</Name>
					<Type>PropertyFloatControl</Type>
					<Initialisator/>
					<Default>8</Default>
					<Visible>true</Visible>
					<ReadOnly>false</ReadOnly>
					<Action>ChangeValueAction</Action>
				</Property>
				<Property>
					<Name>OffsetHeight</Name>
					<Type>PropertyIntControl</Type>
					<Initialisator/>
					<Default>0</Default>
					<Visible>true</Visible>
					<ReadOnly>false</ReadOnly>
					<Action>ChangeValueAction</Action>
				</Property>
				<Property>
					<Name>SubstituteCode</Name>
					<Type>PropertyIntControl</Type>
					<Initialisator/>
					<Default>0</Default>
					<Visible>true</Visible>
					<ReadOnly>false</ReadOnly>
					<Action>ChangeValueAction</Action>
				</Property>
				<Property>
					<Name>Distance</Name>
					<Type>PropertyIntControl</Type>
					<Initialisator/>
					<Default>1</Default>
					<Visible>true</Visible>
					<ReadOnly>false</ReadOnly>
					<Action>ChangeValueAction</Action>
				</Property>
				<Property>
					<Name>FontCodeRanges</Name>
					<Type>PropertyInt2ListControl</Type>
					<Initialisator/>
					<Default>32 126</Default>
					<Visible>true</Visible>
					<ReadOnly>false</ReadOnly>
					<Action>ChangeValueAction</Action>
				</Property>
				<Property>
					<Name>TextureSizeResult</Name>
					<Type>PropertyInt2Control</Type>
					<Initialisator/>
					<Default>0 0</Default>
					<Visible>true</Visible>
					<ReadOnly>true</ReadOnly>
					<Action></Action>
				</Property>
				<Property>
					<Name>FontHeightPix</Name>
					<Type>PropertyIntControl</Type>
					<Initialisator/>
					<Default>0</Default>
					<Visible>true</Visible>
					<ReadOnly>true</ReadOnly>
					<Action></Action>
				</Property>
			</Properties>
		</DataType>
	</DataTypes>
</Document>
