<?xml version="1.0" encoding="UTF-8"?>
<MyGUI type="Resource" version="1.1">
	<Resource type="ResourceSkin" name="WindowSmallCaption" size="68 18" texture="GraphNodeSkin.png">
		<Property key="FontName" value="DejaVuSansFont_13"/>
		<Property key="TextAlign" value="Center"/>
		<Property key="TextColour" value="#{MyGUI_Theme_Button_ColourNormal}"/>
		<BasisSkin type="SubSkin" offset="0 0 10 18" align="Left VStretch">
			<State name="normal" offset="356 198 10 18"/>
		</BasisSkin>
		<BasisSkin type="SubSkin" offset="10 0 46 18" align="Stretch">
			<State name="normal" offset="366 198 46 18"/>
		</BasisSkin>
		<BasisSkin type="SubSkin" offset="56 0 12 18" align="Right VStretch">
			<State name="normal" offset="412 198 12 18"/>
		</BasisSkin>
		<BasisSkin type="SimpleText" offset="2 4 48 15" align="Stretch"/>
	</Resource>
	<Resource type="ResourceSkin" name="ButtonRoundBlue" size="14 14" texture="GraphNodeSkin.png">
		<BasisSkin type="MainSkin" offset="0 0 14 14" align="Stretch">
			<State name="normal" offset="314 134 14 14"/>
			<State name="highlighted" offset="314 148 14 14"/>
			<State name="pushed" offset="314 162 14 14"/>
		</BasisSkin>
	</Resource>
	<Resource type="ResourceSkin" name="ButtonRoundGrey" size="14 14" texture="GraphNodeSkin.png">
		<BasisSkin type="MainSkin" offset="0 0 14 14" align="Stretch">
			<State name="normal" offset="329 134 14 14"/>
			<State name="highlighted" offset="329 148 14 14"/>
			<State name="pushed" offset="329 162 14 14"/>
		</BasisSkin>
	</Resource>
	<Resource type="ResourceSkin" name="WindowSmallC" size="75 49" texture="GraphNodeSkin.png">
		<Property key="Snap" value="true"/>
		<Child type="Button" skin="WindowSmallCaption" offset="6 0 64 18" align="HStretch Top" name="Caption">
			<Property key="Scale" value="1 1 0 0"/>
		</Child>
		<BasisSkin type="SubSkin" offset="6 18 4 3" align="Left Top">
			<State name="normal" offset="384 173 4 3"/>
		</BasisSkin>
		<BasisSkin type="SubSkin" offset="10 18 54 3" align="HStretch Top">
			<State name="normal" offset="390 173 3 3"/>
		</BasisSkin>
		<BasisSkin type="SubSkin" offset="64 18 6 3" align="Right Top">
			<State name="normal" offset="401 173 6 3"/>
		</BasisSkin>
		<BasisSkin type="SubSkin" offset="6 21 4 22" align="Left VStretch">
			<State name="normal" offset="384 176 4 12"/>
		</BasisSkin>
		<BasisSkin type="SubSkin" offset="10 21 54 22" align="Stretch">
			<State name="normal" offset="432 5 6 12"/>
		</BasisSkin>
		<BasisSkin type="SubSkin" offset="64 21 6 22" align="Right VStretch">
			<State name="normal" offset="401 176 6 12"/>
		</BasisSkin>
		<BasisSkin type="SubSkin" offset="6 43 4 6" align="Left Bottom">
			<State name="normal" offset="384 188 4 6"/>
		</BasisSkin>
		<BasisSkin type="SubSkin" offset="10 43 54 6" align="HStretch Bottom">
			<State name="normal" offset="390 188 3 6"/>
		</BasisSkin>
		<BasisSkin type="SubSkin" offset="64 43 6 6" align="Right Bottom">
			<State name="normal" offset="401 188 6 6"/>
		</BasisSkin>
	</Resource>
	<Resource type="ResourceSkin" name="WindowSmallCX" size="75 49" texture="GraphNodeSkin.png">
		<Property key="Snap" value="true"/>
		<Child type="Button" skin="WindowSmallCaption" offset="6 0 64 18" align="HStretch Top" name="Caption">
			<Property key="Scale" value="1 1 0 0"/>
		</Child>
		<Child type="Button" skin="ButtonX" offset="54 5 11 11" align="Right Top" name="Button">
			<Property key="Event" value="close"/>
		</Child>
		<BasisSkin type="SubSkin" offset="6 18 4 3" align="Left Top">
			<State name="normal" offset="384 173 4 3"/>
		</BasisSkin>
		<BasisSkin type="SubSkin" offset="10 18 54 3" align="HStretch Top">
			<State name="normal" offset="390 173 3 3"/>
		</BasisSkin>
		<BasisSkin type="SubSkin" offset="64 18 6 3" align="Right Top">
			<State name="normal" offset="401 173 6 3"/>
		</BasisSkin>
		<BasisSkin type="SubSkin" offset="6 21 4 22" align="Left VStretch">
			<State name="normal" offset="384 176 4 12"/>
		</BasisSkin>
		<BasisSkin type="SubSkin" offset="10 21 54 22" align="Stretch">
			<State name="normal" offset="432 5 6 12"/>
		</BasisSkin>
		<BasisSkin type="SubSkin" offset="64 21 6 22" align="Right VStretch">
			<State name="normal" offset="401 176 6 12"/>
		</BasisSkin>
		<BasisSkin type="SubSkin" offset="6 43 4 6" align="Left Bottom">
			<State name="normal" offset="384 188 4 6"/>
		</BasisSkin>
		<BasisSkin type="SubSkin" offset="10 43 54 6" align="HStretch Bottom">
			<State name="normal" offset="390 188 3 6"/>
		</BasisSkin>
		<BasisSkin type="SubSkin" offset="64 43 6 6" align="Right Bottom">
			<State name="normal" offset="401 188 6 6"/>
		</BasisSkin>
	</Resource>
</MyGUI>
